name, cpu -> dpu, dpu compute, dpu -> cpu, combine, total
histogram_large, 29537.759300, 9892.165800, 3552.929400, 22613.253000, 65596.107500
histogram_small, 30023.460800, 3535.270600, 1068.398800, 2308.614300, 36935.744500
select, 64207.764300, 2518.368200, 5216033.456500, 0.862800, 5282760.451800
sum_reduce, 57374.019800, 1828.893400, 3011.949900, 0.261600, 62215.124700
vector_add, 23702.625500, 676.817700, 19604.030400, 0.332400, 43983.806000
