name, cpu -> dpu, dpu compute, dpu -> cpu, combine, total
histogram_large, 2410.860000, 2681360.560000, 1159.820000, 18.310000, 2684949.550000
histogram_small, 2730.580000, 854259.420000, 1276.780000, 14.780000, 858281.560000
select, 5106.220000, 531123.450000, 16997.100000, 0.820000, 553227.590000
sum_reduce, 5962.580000, 1146115.160000, 1317.740000, 0.720000, 1153396.200000
vector_add, 2969.690000, 249519.190000, 956.030000, 0.380000, 253445.290000
