name, cpu -> dpu, dpu compute, dpu -> cpu, combine, total
histogram_large, 30512.301200, 9726.732900, 3607.137300, 22447.369500, 66293.540900
histogram_small, 31303.207000, 3949.879900, 1001.104200, 2533.930300, 38788.121400
select, 63962.622700, 3062.815800, 5219947.199800, 0.794700, 5286973.433000
sum_reduce, 56601.144700, 2004.198300, 3035.731900, 0.223800, 61641.298700
vector_add, 23762.616400, 579.556300, 20933.205400, 0.388600, 45275.766700
