name, cpu -> dpu, dpu compute, dpu -> cpu, combine, total
histogram_large, 30405.067300, 9473.985900, 3620.889700, 22326.064300, 65826.007200
histogram_small, 26468.036300, 3578.299200, 1218.976500, 2231.704400, 33497.016400
select, 66174.967500, 2706.624400, 5219044.721500, 0.870000, 5287927.183400
sum_reduce, 58530.433000, 1607.354000, 3110.660300, 0.264700, 63248.712000
vector_add, 60058.783000, 1686.501800, 43692.864100, 0.795700, 105438.944600
